﻿<?xml version="1.0"?>
<ArrayOfGroup xmlns:xsd="http://www.w3.org/2001/XMLSchema" xmlns:xsi="http://www.w3.org/2001/XMLSchema-instance">
  <Group>
    <name>reader</name>
    <Permissions>
      <Permission>Read</Permission>
    </Permissions>
  </Group>
  <Group>
    <name>modifier</name>
    <Permissions>
      <Permission>Read</Permission>
      <Permission>Modify</Permission>
    </Permissions>
  </Group>
  <Group>
    <name>admin</name>
    <Permissions>
      <Permission>Read</Permission>
      <Permission>Modify</Permission>
      <Permission>Delete</Permission>
    </Permissions>
  </Group>
  <Group>
    <name>systemadmin</name>
    <Permissions>
      <Permission>Read</Permission>
      <Permission>Modify</Permission>
      <Permission>Delete</Permission>
      <Permission>SysAdmin</Permission>
    </Permissions>
  </Group>
</ArrayOfGroup>